{"cameraMode":{"drawMode":0,"name":"Shaded","section":"Shading Mode"},"sceneLighting":false,"audioPlay":false,"sceneViewState":{"m_AlwaysRefresh":false,"showFog":true,"showSkybox":false,"showFlares":true,"showImageEffects":true,"showParticleSystems":true,"showVisualEffectGraphs":true,"m_FxEnabled":true},"in2DMode":false,"pivot":{"x":-0.03353077173233032,"y":2.092120885848999,"z":-0.0037555694580078127},"rotation":{"x":0.7104982137680054,"y":3.6034927575201439e-7,"z":2.810119781315734e-7,"w":0.70371013879776},"size":2.4273176193237306,"orthographic":true}