{"cameraMode":{"drawMode":0,"name":"Shaded","section":"Shading Mode"},"sceneLighting":false,"audioPlay":false,"sceneViewState":{"m_AlwaysRefresh":false,"showFog":true,"showSkybox":false,"showFlares":true,"showImageEffects":true,"showParticleSystems":true,"showVisualEffectGraphs":true,"m_FxEnabled":true},"in2DMode":false,"pivot":{"x":0.16610509157180787,"y":0.8138254880905151,"z":0.26360002160072329},"rotation":{"x":-0.237137109041214,"y":-0.5563510060310364,"z":0.16955460608005525,"w":-0.7781491875648499},"size":1.8085287809371949,"orthographic":false}