{"cameraMode":{"drawMode":0,"name":"Shaded","section":"Shading Mode"},"sceneLighting":false,"audioPlay":false,"sceneViewState":{"m_AlwaysRefresh":false,"showFog":true,"showSkybox":false,"showFlares":true,"showImageEffects":true,"showParticleSystems":true,"showVisualEffectGraphs":true,"m_FxEnabled":true},"in2DMode":false,"pivot":{"x":-0.03353077173233032,"y":2.092120885848999,"z":-0.0037555694580078127},"rotation":{"x":-0.013870124705135823,"y":0.92702716588974,"z":-0.034511882811784747,"w":-0.3732858896255493},"size":2.4273176193237306,"orthographic":true}