{"cameraMode":{"drawMode":0,"name":"Shaded","section":"Shading Mode"},"sceneLighting":false,"audioPlay":false,"sceneViewState":{"m_AlwaysRefresh":false,"showFog":true,"showSkybox":false,"showFlares":true,"showImageEffects":true,"showParticleSystems":true,"showVisualEffectGraphs":true,"m_FxEnabled":true},"in2DMode":false,"pivot":{"x":250.80850219726563,"y":0.8743599057197571,"z":159.8764190673828},"rotation":{"x":0.054497383534908298,"y":-0.4851367175579071,"z":0.03031136281788349,"w":0.872215211391449},"size":1.8515312671661378,"orthographic":true}