{"cameraMode":{"drawMode":0,"name":"Shaded","section":"Shading Mode"},"sceneLighting":false,"audioPlay":false,"sceneViewState":{"m_AlwaysRefresh":false,"showFog":true,"showSkybox":false,"showFlares":true,"showImageEffects":true,"showParticleSystems":true,"showVisualEffectGraphs":true,"m_FxEnabled":true},"in2DMode":false,"pivot":{"x":-0.250125914812088,"y":5.602434158325195,"z":3.643738269805908},"rotation":{"x":0.00021607943926937878,"y":-0.9997678995132446,"z":-0.011997800320386887,"w":-0.01800183579325676},"size":3.571296215057373,"orthographic":true}